image_id,type,x,y,w,h,img_shp_0_init,img_shape1_init,img_shp_0,img_shp_1
0,Type_1,0,44,175,111,3264,2448,192,256
10,Type_1,18,86,144,142,4128,3096,192,256
1013,Type_1,0,0,192,253,3264,2448,192,256
1014,Type_1,0,0,192,255,4128,3096,192,256
1019,Type_1,24,56,150,149,3264,2448,192,256
102,Type_1,25,46,138,162,3264,2448,192,256
1023,Type_1,0,0,192,255,4128,3096,192,256
1024,Type_1,47,102,96,123,3264,2448,192,256
1026,Type_1,12,67,143,115,4128,3096,192,256
1027,Type_1,12,95,88,92,4128,2322,144,256
1033,Type_1,19,47,149,151,4128,3096,192,256
104,Type_1,17,49,158,144,4128,3096,192,256
1040,Type_1,18,53,157,146,3264,2448,192,256
1056,Type_1,29,77,109,113,3264,2448,192,256
1059,Type_1,32,47,142,146,4128,3096,192,256
1061,Type_1,58,91,80,80,3264,2448,192,256
1070,Type_1,3,38,179,178,3264,2448,192,256
1071,Type_1,0,151,192,104,3264,2448,192,256
1077,Type_1,0,21,192,150,4128,3096,192,256
1079,Type_1,0,0,192,183,3264,2448,192,256
109,Type_1,0,0,192,255,3264,2448,192,256
1093,Type_1,27,52,145,144,3264,2448,192,256
1100,Type_1,36,90,100,81,3264,2448,192,256
1105,Type_1,0,0,192,255,4128,3096,192,256
1123,Type_1,0,0,192,255,4128,3096,192,256
1131,Type_1,3,2,189,252,4128,3096,192,256
1134,Type_1,0,0,192,255,4128,3096,192,256
1136,Type_1,12,47,162,171,4128,3096,192,256
1139,Type_1,0,0,192,255,4128,3096,192,256
1154,Type_1,19,53,149,148,3264,2448,192,256
1161,Type_1,23,17,132,187,3264,2448,192,256
1168,Type_1,0,0,192,255,4128,3096,192,256
1174,Type_1,0,0,192,255,3264,2448,192,256
1179,Type_1,38,41,100,118,4128,3096,192,256
1190,Type_1,55,85,89,82,3264,2448,192,256
1194,Type_1,32,60,128,127,4128,3096,192,256
1199,Type_1,34,58,101,100,3264,2448,192,256
12,Type_1,0,0,192,255,4128,3096,192,256
1202,Type_1,18,52,152,154,4160,3120,192,256
1204,Type_1,0,0,192,255,4128,3096,192,256
1220,Type_1,0,38,192,168,4128,3096,192,256
1223,Type_1,0,51,192,133,4128,3096,192,256
1226,Type_1,0,71,156,124,4128,3096,192,256
1229,Type_1,43,58,117,124,4128,3096,192,256
1230,Type_1,12,42,180,169,4128,3096,192,256
1239,Type_1,0,0,192,255,4128,3096,192,256
1245,Type_1,25,84,119,105,4128,3096,192,256
1251,Type_1,0,28,192,192,640,480,192,256
1273,Type_1,24,53,151,156,3264,2448,192,256
1274,Type_1,0,0,192,255,4128,3096,192,256
1279,Type_1,0,0,192,255,3264,2448,192,256
1281,Type_1,14,49,158,136,4128,3096,192,256
1285,Type_1,0,40,171,178,3264,2448,192,256
1288,Type_1,21,50,150,148,3264,2448,192,256
1289,Type_1,22,54,150,142,4128,3096,192,256
129,Type_1,0,0,192,255,4128,3096,192,256
13,Type_1,0,0,192,255,4128,3096,192,256
1308,Type_1,0,0,192,202,4128,3096,192,256
1314,Type_1,36,75,111,106,3264,2448,192,256
1320,Type_1,0,0,100,156,4128,3096,192,256
1324,Type_1,14,65,147,141,4128,3096,192,256
1326,Type_1,17,48,157,149,3264,2448,192,256
1336,Type_1,0,92,192,163,4128,3096,192,256
1339,Type_1,0,31,192,207,4128,3096,192,256
1344,Type_1,0,23,177,210,3264,2448,192,256
1346,Type_1,16,57,158,153,4160,3120,192,256
1370,Type_1,19,49,150,152,3264,2448,192,256
138,Type_1,54,0,138,122,4128,3096,192,256
1384,Type_1,0,0,192,255,4128,3096,192,256
1389,Type_1,0,0,192,255,4128,3096,192,256
139,Type_1,20,52,154,144,4128,3096,192,256
1390,Type_1,21,49,148,152,4128,3096,192,256
1393,Type_1,14,46,165,157,4128,3096,192,256
14,Type_1,65,79,90,84,3264,2448,192,256
1414,Type_1,45,48,115,153,4128,3096,192,256
142,Type_1,36,115,101,122,4128,3096,192,256
1422,Type_1,0,0,192,255,4128,3096,192,256
1427,Type_1,32,55,121,117,4128,3096,192,256
1430,Type_1,0,0,192,255,4128,3096,192,256
1437,Type_1,12,0,124,136,4128,3096,192,256
144,Type_1,28,80,146,118,4128,3096,192,256
1440,Type_1,0,0,192,166,4128,3096,192,256
1456,Type_1,0,0,192,255,4128,3096,192,256
1464,Type_1,38,55,143,136,4128,3096,192,256
1468,Type_1,9,23,183,213,3264,2448,192,256
1473,Type_1,21,52,153,145,4128,3096,192,256
148,Type_1,0,0,192,255,4128,3096,192,256
160,Type_1,0,0,192,255,4128,3096,192,256
171,Type_1,0,0,192,255,4128,3096,192,256
176,Type_1,6,20,186,221,4128,3096,192,256
180,Type_1,0,0,192,255,4128,3096,192,256
181,Type_1,24,40,143,141,3264,2448,192,256
191,Type_1,0,0,192,255,4128,3096,192,256
201,Type_1,0,0,192,255,4128,3096,192,256
205,Type_1,0,0,192,255,4128,3096,192,256
208,Type_1,30,16,134,160,4128,3096,192,256
215,Type_1,0,19,192,160,4128,3096,192,256
218,Type_1,0,0,192,255,4128,3096,192,256
229,Type_1,0,52,156,158,4128,3096,192,256
230,Type_1,35,73,106,110,3264,2448,192,256
237,Type_1,0,0,192,255,4128,3096,192,256
239,Type_1,26,45,153,151,3264,2448,192,256
245,Type_1,51,80,88,119,4128,3096,192,256
248,Type_1,11,14,181,228,3264,2448,192,256
252,Type_1,0,0,192,217,4128,3096,192,256
254,Type_1,0,68,159,135,4128,3096,192,256
262,Type_1,21,55,149,148,4128,3096,192,256
265,Type_1,46,29,135,212,4128,3096,192,256
267,Type_1,25,49,147,154,3264,2448,192,256
27,Type_1,30,20,129,178,4160,3120,192,256
281,Type_1,0,25,189,220,4128,3096,192,256
294,Type_1,0,0,192,255,4128,3096,192,256
298,Type_1,0,57,156,154,3264,2448,192,256
306,Type_1,0,0,192,255,4128,3096,192,256
308,Type_1,0,44,173,181,3264,2448,192,256
311,Type_1,0,45,167,150,4128,3096,192,256
333,Type_1,36,66,115,115,4128,3096,192,256
334,Type_1,72,29,118,114,3096,4128,256,192
338,Type_1,0,0,192,255,4128,3096,192,256
34,Type_1,0,26,190,208,4128,3096,192,256
342,Type_1,31,77,131,128,4128,3096,192,256
346,Type_1,0,0,192,255,4128,3096,192,256
349,Type_1,21,51,150,150,3264,2448,192,256
35,Type_1,22,64,141,107,4128,3096,192,256
356,Type_1,0,21,192,157,4128,3096,192,256
376,Type_1,61,105,84,72,3264,2448,192,256
379,Type_1,0,87,118,121,4128,3096,192,256
383,Type_1,0,0,192,255,4128,3096,192,256
384,Type_1,0,0,192,255,4128,3096,192,256
387,Type_1,33,50,154,145,3264,2448,192,256
396,Type_1,22,47,145,153,3264,2448,192,256
401,Type_1,0,0,192,255,4160,3120,192,256
41,Type_1,23,53,146,151,3264,2448,192,256
416,Type_1,41,86,74,68,3264,2448,192,256
421,Type_1,0,0,192,255,4128,3096,192,256
425,Type_1,0,38,167,148,4128,3096,192,256
434,Type_1,0,29,186,203,4128,3096,192,256
441,Type_1,20,68,156,136,3264,2448,192,256
446,Type_1,13,41,97,168,3264,2448,192,256
454,Type_1,0,0,192,255,4160,3120,192,256
463,Type_1,18,62,134,137,3264,2448,192,256
469,Type_1,74,13,119,176,2448,3264,256,192
47,Type_1,25,52,146,147,4128,3096,192,256
470,Type_1,0,51,192,185,4128,3096,192,256
471,Type_1,34,18,174,172,2448,3264,256,192
478,Type_1,28,52,146,151,3264,2448,192,256
48,Type_1,0,24,192,206,4128,3096,192,256
481,Type_1,0,41,192,214,4128,3096,192,256
484,Type_1,0,13,192,208,4128,3096,192,256
497,Type_1,0,0,192,255,3264,2448,192,256
513,Type_1,39,30,153,166,3264,2448,192,256
516,Type_1,0,42,179,150,4128,3096,192,256
518,Type_1,20,78,131,125,4128,3096,192,256
523,Type_1,0,0,192,255,4160,3120,192,256
531,Type_1,64,41,128,154,4160,3120,192,256
532,Type_1,84,85,81,80,3264,2448,192,256
536,Type_1,94,57,78,148,3264,2448,192,256
539,Type_1,38,72,101,119,3264,2448,192,256
55,Type_1,0,0,192,255,4128,3096,192,256
550,Type_1,0,0,192,255,3264,2448,192,256
551,Type_1,24,21,132,157,4128,3096,192,256
553,Type_1,11,35,168,156,3264,2448,192,256
558,Type_1,0,43,174,166,3264,2448,192,256
560,Type_1,20,2,170,240,4128,3096,192,256
562,Type_1,0,17,192,198,4128,3096,192,256
57,Type_1,52,67,99,100,4128,3096,192,256
576,Type_1,20,33,131,178,3264,2448,192,256
578,Type_1,0,8,137,214,4128,3096,192,256
579,Type_1,0,60,192,155,4128,3096,192,256
580,Type_1,32,60,160,108,4128,3096,192,256
582,Type_1,58,19,161,161,3096,4128,256,192
583,Type_1,21,52,153,148,3264,2448,192,256
593,Type_1,0,178,192,76,3264,2448,192,256
596,Type_1,5,32,164,185,3264,2448,192,256
605,Type_1,0,0,192,255,4160,3120,192,256
619,Type_1,2,76,117,132,4128,2322,144,256
620,Type_1,19,46,158,159,4128,3096,192,256
623,Type_1,20,49,172,150,4128,3096,192,256
624,Type_1,1,44,174,173,3264,2448,192,256
641,Type_1,0,0,192,255,4128,3096,192,256
643,Type_1,60,73,96,97,3264,2448,192,256
645,Type_1,0,0,192,255,4160,3120,192,256
649,Type_1,57,58,79,122,4128,3096,192,256
653,Type_1,0,123,139,84,4128,3096,192,256
660,Type_1,0,32,172,181,3264,2448,192,256
663,Type_1,0,51,192,147,4128,3096,192,256
667,Type_1,30,75,126,97,4128,3096,192,256
668,Type_1,32,47,153,152,3264,2448,192,256
677,Type_1,126,124,66,131,4128,3096,192,256
683,Type_1,30,61,147,127,4128,3096,192,256
685,Type_1,0,63,165,167,4128,3096,192,256
7,Type_1,0,15,192,207,3264,2448,192,256
700,Type_1,43,51,120,140,4128,3096,192,256
708,Type_1,63,106,129,136,4128,3096,192,256
709,Type_1,36,73,108,117,3264,2448,192,256
710,Type_1,0,44,174,140,4128,3096,192,256
713,Type_1,42,26,150,136,4128,3096,192,256
725,Type_1,20,54,151,151,3264,2448,192,256
727,Type_1,0,0,192,255,4128,3096,192,256
732,Type_1,0,0,192,255,4160,3120,192,256
739,Type_1,31,48,136,137,3264,2448,192,256
745,Type_1,16,50,157,155,4128,3096,192,256
751,Type_1,0,0,192,255,3264,2448,192,256
759,Type_1,3,38,179,178,3264,2448,192,256
763,Type_1,1,67,191,173,4128,3096,192,256
764,Type_1,0,0,192,255,4160,3120,192,256
765,Type_1,16,58,150,155,4128,3096,192,256
769,Type_1,0,0,192,255,4160,3120,192,256
779,Type_1,14,63,167,113,4128,3096,192,256
783,Type_1,24,54,146,146,3264,2448,192,256
787,Type_1,4,35,175,185,3264,2448,192,256
791,Type_1,20,44,155,125,3264,2448,192,256
802,Type_1,0,0,154,212,4128,3096,192,256
805,Type_1,29,64,146,128,4128,3096,192,256
809,Type_1,0,0,160,102,4128,3096,192,256
81,Type_1,11,121,181,134,4128,3096,192,256
810,Type_1,55,94,119,117,4128,3096,192,256
814,Type_1,53,63,113,150,3264,2448,192,256
817,Type_1,1,29,182,214,4128,3096,192,256
821,Type_1,19,51,155,147,4128,3096,192,256
833,Type_1,31,47,131,140,640,480,192,256
836,Type_1,21,56,146,149,3264,2448,192,256
842,Type_1,0,0,192,255,4128,3096,192,256
846,Type_1,13,49,149,149,3264,2448,192,256
855,Type_1,3,92,130,95,3264,2448,192,256
873,Type_1,23,52,149,147,3264,2448,192,256
879,Type_1,23,48,151,150,3264,2448,192,256
880,Type_1,0,0,256,191,3096,4128,256,192
887,Type_1,0,3,192,252,4128,3096,192,256
889,Type_1,0,0,192,255,4128,3096,192,256
890,Type_1,0,0,192,255,4128,3096,192,256
891,Type_1,0,0,192,255,4160,3120,192,256
895,Type_1,25,40,133,167,3264,2448,192,256
901,Type_1,0,0,192,255,3264,2448,192,256
906,Type_1,39,0,153,252,3264,2448,192,256
908,Type_1,22,56,147,147,3264,2448,192,256
917,Type_1,0,0,192,255,4128,3096,192,256
918,Type_1,0,0,192,255,4128,3096,192,256
920,Type_1,25,56,143,148,4128,3096,192,256
921,Type_1,20,36,156,134,4160,3120,192,256
928,Type_1,0,26,168,158,4128,3096,192,256
930,Type_1,0,43,192,171,4128,3096,192,256
96,Type_1,0,0,95,255,4128,3096,192,256
965,Type_1,79,0,113,120,3264,2448,192,256
972,Type_1,23,34,169,202,4128,3096,192,256
977,Type_1,14,0,178,223,4128,3096,192,256
982,Type_1,7,59,167,109,3264,2448,192,256
984,Type_1,0,0,192,255,4128,3096,192,256
991,Type_1,4,36,176,175,3264,2448,192,256
998,Type_1,0,0,192,255,3264,2448,192,256
1,Type_2,34,73,92,117,3264,2448,192,256
100,Type_2,38,85,101,129,3264,2448,192,256
1001,Type_2,35,33,109,167,4128,3096,192,256
1002,Type_2,0,0,192,192,3264,2448,192,256
1005,Type_2,0,0,192,224,4128,3096,192,256
1006,Type_2,34,0,222,191,3096,4128,256,192
101,Type_2,0,0,192,255,4128,3096,192,256
1010,Type_2,34,59,148,190,3264,2448,192,256
1011,Type_2,0,0,192,255,4128,3096,192,256
1012,Type_2,32,60,132,130,4128,3096,192,256
1016,Type_2,0,23,150,191,4128,3096,192,256
1017,Type_2,0,0,192,220,4128,3096,192,256
1018,Type_2,92,0,100,127,4128,3096,192,256
1021,Type_2,0,27,192,228,4128,3096,192,256
1022,Type_2,44,83,85,88,3264,2448,192,256
1025,Type_2,0,0,192,233,4128,3096,192,256
103,Type_2,40,73,110,107,3264,2448,192,256
1032,Type_2,0,0,192,255,4128,3096,192,256
1035,Type_2,12,58,147,124,4128,3096,192,256
1036,Type_2,20,49,156,155,3264,2448,192,256
1038,Type_2,12,58,161,141,3264,2448,192,256
1039,Type_2,26,71,119,118,3264,2448,192,256
1042,Type_2,79,99,78,102,4128,3096,192,256
1043,Type_2,5,40,173,172,3264,2448,192,256
1044,Type_2,0,0,192,255,3264,2448,192,256
1046,Type_2,0,0,192,255,3264,2448,192,256
1047,Type_2,9,14,183,182,3264,2448,192,256
1049,Type_2,21,26,140,158,4128,3096,192,256
105,Type_2,0,0,192,255,4128,3096,192,256
1050,Type_2,28,73,114,105,3264,2448,192,256
1051,Type_2,0,0,192,209,4128,3096,192,256
1054,Type_2,69,86,58,72,3264,2448,192,256
1055,Type_2,0,0,192,255,3264,2448,192,256
1057,Type_2,23,50,150,148,3264,2448,192,256
1058,Type_2,48,51,98,95,4128,3096,192,256
1065,Type_2,21,55,150,148,4128,3096,192,256
1066,Type_2,0,21,192,179,4128,3096,192,256
1067,Type_2,0,0,192,255,3264,2448,192,256
1068,Type_2,0,0,192,202,4128,3096,192,256
107,Type_2,0,0,192,232,4128,3096,192,256
1072,Type_2,20,189,137,35,3264,2448,192,256
1073,Type_2,22,61,144,139,4128,3096,192,256
1074,Type_2,48,72,73,91,4128,3096,192,256
1075,Type_2,1,42,175,174,3264,2448,192,256
1076,Type_2,1,41,93,174,3264,2448,192,256
1078,Type_2,23,39,111,117,3264,2448,192,256
1083,Type_2,39,63,122,142,4160,3120,192,256
1084,Type_2,0,0,192,255,4128,3096,192,256
1085,Type_2,0,0,97,65,4128,3096,192,256
1087,Type_2,40,61,148,90,3264,2448,192,256
1089,Type_2,15,50,157,153,4128,3096,192,256
1090,Type_2,59,84,83,89,3264,2448,192,256
1091,Type_2,23,44,146,142,4128,3096,192,256
1096,Type_2,0,0,192,255,4128,3096,192,256
1097,Type_2,0,0,192,200,4128,3096,192,256
1098,Type_2,27,57,145,142,3264,2448,192,256
1099,Type_2,0,0,192,255,4128,3096,192,256
110,Type_2,0,15,180,216,3264,2448,192,256
1102,Type_2,59,46,124,122,2448,3264,256,192
1103,Type_2,34,76,108,104,3264,2448,192,256
1104,Type_2,72,73,110,66,3264,2448,192,256
1106,Type_2,22,53,149,150,4128,3096,192,256
1109,Type_2,123,37,64,217,3264,2448,192,256
1114,Type_2,20,50,85,154,3264,2448,192,256
1115,Type_2,13,58,155,153,4128,3096,192,256
1116,Type_2,37,31,155,145,4128,3096,192,256
1117,Type_2,10,80,139,121,4128,3096,192,256
1118,Type_2,0,0,192,141,4128,3096,192,256
1119,Type_2,43,77,105,95,3264,2448,192,256
112,Type_2,0,44,141,149,4128,2322,144,256
1121,Type_2,109,209,83,46,4128,3096,192,256
1122,Type_2,0,43,173,175,3264,2448,192,256
1124,Type_2,0,0,192,255,4128,3096,192,256
1125,Type_2,0,0,192,71,3264,2448,192,256
1126,Type_2,2,38,178,179,3264,2448,192,256
1130,Type_2,27,36,133,173,3264,2448,192,256
1132,Type_2,0,16,192,187,4128,3096,192,256
1135,Type_2,20,76,125,125,3264,2448,192,256
1138,Type_2,0,0,256,191,3096,4128,256,192
1140,Type_2,27,100,135,136,4128,3096,192,256
1141,Type_2,29,68,144,143,3264,2448,192,256
1142,Type_2,0,0,192,255,4128,3096,192,256
1143,Type_2,0,0,192,255,4128,3096,192,256
1144,Type_2,0,0,256,191,2448,3264,256,192
1145,Type_2,0,42,177,178,3264,2448,192,256
1146,Type_2,0,52,160,128,4128,3096,192,256
1147,Type_2,31,27,142,23,4128,3096,192,256
1148,Type_2,0,0,192,255,4128,3096,192,256
1149,Type_2,35,37,142,136,4128,3096,192,256
115,Type_2,0,74,192,181,4128,3096,192,256
1151,Type_2,0,0,192,255,4128,3096,192,256
1152,Type_2,33,48,159,207,3264,2448,192,256
1155,Type_2,31,50,131,155,4128,3096,192,256
1156,Type_2,18,67,143,139,3264,2448,192,256
1158,Type_2,12,42,161,166,3264,2448,192,256
1159,Type_2,26,52,152,147,3264,2448,192,256
116,Type_2,17,50,155,77,4128,3096,192,256
1160,Type_2,0,40,179,178,3264,2448,192,256
1169,Type_2,23,53,150,148,4128,3096,192,256
117,Type_2,0,0,192,255,4128,3096,192,256
1170,Type_2,24,65,127,113,3264,2448,192,256
1171,Type_2,0,0,192,255,4128,3096,192,256
1172,Type_2,49,75,96,98,3264,2448,192,256
1173,Type_2,17,48,132,99,3264,2448,192,256
1175,Type_2,0,49,176,166,3264,2448,192,256
1176,Type_2,20,69,124,134,4128,2322,144,256
1178,Type_2,0,0,192,255,4128,3096,192,256
1180,Type_2,0,46,148,209,4128,3096,192,256
1181,Type_2,1,24,144,99,4128,3096,192,256
1184,Type_2,47,73,113,111,3264,2448,192,256
1185,Type_2,26,52,141,150,3264,2448,192,256
1186,Type_2,23,57,145,145,3264,2448,192,256
1187,Type_2,20,63,120,115,3264,2448,192,256
1188,Type_2,11,62,153,144,3264,2448,192,256
1189,Type_2,14,40,154,184,4128,3096,192,256
119,Type_2,34,67,107,110,3264,2448,192,256
1192,Type_2,0,0,192,198,3264,2448,192,256
1193,Type_2,0,41,172,179,3264,2448,192,256
1195,Type_2,0,0,192,255,4160,3120,192,256
1196,Type_2,17,52,132,133,4128,3096,192,256
1197,Type_2,0,49,179,133,4128,3096,192,256
1198,Type_2,38,36,154,144,4128,3096,192,256
120,Type_2,0,39,173,178,3264,2448,192,256
1201,Type_2,72,34,100,185,3264,2448,192,256
1203,Type_2,45,85,111,107,4128,3096,192,256
1205,Type_2,29,64,136,135,4128,3096,192,256
1209,Type_2,0,0,192,207,3264,2448,192,256
121,Type_2,12,53,180,202,4128,3096,192,256
1210,Type_2,23,53,135,138,4128,3096,192,256
1211,Type_2,0,44,179,178,3264,2448,192,256
1212,Type_2,0,0,192,255,4128,3096,192,256
1213,Type_2,0,0,192,255,3264,2448,192,256
1214,Type_2,0,0,192,255,4128,3096,192,256
1215,Type_2,20,13,172,155,3264,2448,192,256
1216,Type_2,0,27,192,154,4128,3096,192,256
1217,Type_2,42,49,110,143,3264,2448,192,256
1218,Type_2,30,67,109,109,3264,2448,192,256
1219,Type_2,19,72,129,118,3264,2448,192,256
122,Type_2,0,34,192,175,4128,3096,192,256
1222,Type_2,68,99,54,57,3264,2448,192,256
1225,Type_2,0,0,192,255,4128,3096,192,256
1227,Type_2,0,0,192,255,4128,3096,192,256
1228,Type_2,50,93,104,100,4128,3096,192,256
123,Type_2,24,38,146,170,3264,2448,192,256
1231,Type_2,40,45,106,119,4128,3096,192,256
1233,Type_2,0,33,171,181,3264,2448,192,256
1234,Type_2,38,34,154,193,4128,3096,192,256
1236,Type_2,0,0,192,239,4128,3096,192,256
1238,Type_2,12,26,180,166,3264,2448,192,256
1240,Type_2,5,42,174,172,3264,2448,192,256
1241,Type_2,41,79,97,90,3264,2448,192,256
1242,Type_2,0,0,192,255,4128,3096,192,256
1243,Type_2,28,67,113,114,3264,2448,192,256
1246,Type_2,37,40,148,162,3264,2448,192,256
1247,Type_2,0,70,192,155,4128,3096,192,256
1249,Type_2,121,36,57,189,3264,2448,192,256
1250,Type_2,0,39,137,122,4128,3096,192,256
1253,Type_2,0,0,192,255,4128,3096,192,256
1255,Type_2,23,51,149,149,3264,2448,192,256
1257,Type_2,0,0,192,255,4128,3096,192,256
1258,Type_2,20,54,155,160,3264,2448,192,256
126,Type_2,25,39,167,191,4128,3096,192,256
1260,Type_2,0,34,170,177,3264,2448,192,256
1261,Type_2,0,35,192,220,4128,3096,192,256
1262,Type_2,30,62,127,126,3264,2448,192,256
1263,Type_2,0,0,192,255,4128,3096,192,256
1264,Type_2,25,56,151,146,3264,2448,192,256
1266,Type_2,0,0,192,134,3264,2448,192,256
1267,Type_2,19,45,149,121,4128,3096,192,256
1269,Type_2,0,0,192,255,4128,3096,192,256
127,Type_2,45,69,122,110,3264,2448,192,256
1271,Type_2,0,44,158,157,4128,3096,192,256
1272,Type_2,44,49,118,163,4128,3096,192,256
1276,Type_2,0,35,70,102,3264,2448,192,256
128,Type_2,68,52,101,137,3264,2448,192,256
1282,Type_2,0,0,192,255,4128,3096,192,256
1283,Type_2,0,0,192,255,4128,3096,192,256
1290,Type_2,24,78,112,146,3264,2448,192,256
1292,Type_2,5,76,174,123,3264,2448,192,256
1293,Type_2,41,75,109,110,4128,3096,192,256
1294,Type_2,9,42,183,155,4128,3096,192,256
1295,Type_2,35,63,110,113,3264,2448,192,256
1297,Type_2,0,61,152,146,4128,3096,192,256
1298,Type_2,17,96,110,135,3264,2448,192,256
1299,Type_2,51,124,75,53,4128,3096,192,256
1301,Type_2,39,52,113,146,4128,3096,192,256
1302,Type_2,51,61,87,138,4128,3096,192,256
1303,Type_2,51,77,98,85,3264,2448,192,256
1304,Type_2,0,15,192,191,4128,3096,192,256
1305,Type_2,34,15,108,126,4128,3096,192,256
131,Type_2,21,50,148,148,3264,2448,192,256
1310,Type_2,29,71,106,100,4128,3096,192,256
1311,Type_2,0,47,192,191,4128,3096,192,256
1312,Type_2,1,33,179,179,3264,2448,192,256
1313,Type_2,0,121,148,134,4160,3120,192,256
1315,Type_2,125,97,67,147,4128,3096,192,256
1316,Type_2,0,0,192,255,3264,2448,192,256
1317,Type_2,0,0,192,255,4128,3096,192,256
1318,Type_2,0,84,146,116,4128,3096,192,256
1319,Type_2,22,53,151,149,4128,3096,192,256
1321,Type_2,0,0,192,255,3264,2448,192,256
1322,Type_2,18,58,150,141,4128,3096,192,256
1325,Type_2,36,82,107,105,4128,2322,144,256
1327,Type_2,69,44,106,141,3264,2448,192,256
1328,Type_2,47,76,110,89,4128,3096,192,256
1329,Type_2,0,0,192,255,3264,2448,192,256
133,Type_2,0,33,149,75,3264,2448,192,256
1330,Type_2,0,0,192,255,4128,3096,192,256
1331,Type_2,19,52,152,151,3264,2448,192,256
1334,Type_2,17,50,159,152,4128,3096,192,256
1337,Type_2,24,50,144,150,4128,3096,192,256
1338,Type_2,17,49,159,155,4128,3096,192,256
134,Type_2,22,54,149,146,4128,3096,192,256
1340,Type_2,25,57,138,149,4128,3096,192,256
1342,Type_2,28,68,115,118,3264,2448,192,256
1343,Type_2,0,0,192,255,4128,3096,192,256
1345,Type_2,0,0,192,217,4128,3096,192,256
1348,Type_2,3,40,180,172,3264,2448,192,256
1349,Type_2,0,50,144,156,4128,2322,144,256
1352,Type_2,30,62,112,125,3264,2448,192,256
1353,Type_2,0,38,192,178,3264,2448,192,256
1354,Type_2,0,0,192,255,3264,2448,192,256
1356,Type_2,0,35,182,188,4128,3096,192,256
1357,Type_2,0,0,192,235,4128,3096,192,256
1358,Type_2,0,0,192,255,4128,3096,192,256
1359,Type_2,21,52,151,151,3264,2448,192,256
136,Type_2,16,52,154,147,4128,3096,192,256
1361,Type_2,18,53,152,146,4128,3096,192,256
1362,Type_2,23,51,147,145,3264,2448,192,256
1363,Type_2,0,0,192,255,4128,3096,192,256
1365,Type_2,23,48,146,155,3264,2448,192,256
1368,Type_2,0,45,177,176,3264,2448,192,256
1369,Type_2,7,42,173,113,4128,3096,192,256
137,Type_2,0,0,192,255,4128,3096,192,256
1371,Type_2,0,0,192,255,4128,3096,192,256
1373,Type_2,0,0,192,255,4128,3096,192,256
1376,Type_2,0,0,192,255,4128,3096,192,256
1377,Type_2,28,48,147,151,4128,3096,192,256
1378,Type_2,19,52,155,116,4128,3096,192,256
1379,Type_2,18,27,174,139,4128,3096,192,256
1380,Type_2,23,55,147,145,4128,3096,192,256
1381,Type_2,0,0,192,255,3264,2448,192,256
1383,Type_2,20,52,151,141,4128,3096,192,256
1385,Type_2,24,41,137,143,4128,3096,192,256
1386,Type_2,0,0,192,255,4128,3096,192,256
1388,Type_2,32,54,140,155,4128,3096,192,256
1391,Type_2,8,80,135,77,3264,2448,192,256
1392,Type_2,23,45,148,163,3264,2448,192,256
1395,Type_2,0,33,155,202,4128,3096,192,256
1398,Type_2,0,0,192,255,4128,3096,192,256
1399,Type_2,18,50,157,154,4128,3096,192,256
140,Type_2,46,83,95,113,3264,2448,192,256
1405,Type_2,0,15,192,200,4128,3096,192,256
1406,Type_2,15,60,164,149,4128,3096,192,256
1407,Type_2,2,66,46,148,3264,2448,192,256
1411,Type_2,0,18,192,190,4128,3096,192,256
1413,Type_2,0,0,192,255,4128,3096,192,256
1415,Type_2,0,47,176,175,3264,2448,192,256
1416,Type_2,30,99,132,156,4128,3096,192,256
1418,Type_2,24,49,119,144,4128,2322,144,256
1419,Type_2,31,62,135,129,4128,3096,192,256
1421,Type_2,41,3,108,138,2448,3264,256,192
1424,Type_2,0,0,192,255,4128,3096,192,256
1426,Type_2,13,42,166,166,4160,3120,192,256
1428,Type_2,27,38,115,142,3264,2448,192,256
1432,Type_2,11,72,147,139,3264,2448,192,256
1433,Type_2,0,0,192,255,4128,3096,192,256
1435,Type_2,3,35,169,190,3264,2448,192,256
1436,Type_2,0,45,192,154,4128,3096,192,256
1438,Type_2,0,0,192,255,4128,3096,192,256
1439,Type_2,24,41,146,166,4128,3096,192,256
1441,Type_2,45,52,132,30,3264,2448,192,256
1443,Type_2,41,76,100,102,3264,2448,192,256
1444,Type_2,0,0,256,190,3088,4128,256,191
1445,Type_2,28,52,150,150,3264,2448,192,256
1446,Type_2,0,0,192,255,3264,2448,192,256
1449,Type_2,0,32,140,154,4128,3096,192,256
1450,Type_2,23,54,147,147,4128,3096,192,256
1451,Type_2,57,72,84,97,3264,2448,192,256
1452,Type_2,0,39,174,176,3264,2448,192,256
1453,Type_2,47,88,100,92,3264,2448,192,256
1454,Type_2,0,0,191,255,3264,2448,192,256
1457,Type_2,15,52,162,156,4128,3096,192,256
1462,Type_2,31,38,138,148,4128,3096,192,256
1463,Type_2,12,80,148,151,4128,3096,192,256
1465,Type_2,12,50,141,123,3264,2448,192,256
1466,Type_2,44,80,92,76,4128,3096,192,256
1467,Type_2,26,33,124,141,3264,2448,192,256
147,Type_2,14,56,162,143,4128,3096,192,256
1471,Type_2,0,13,171,230,3264,2448,192,256
1472,Type_2,0,54,143,169,4128,3096,192,256
1474,Type_2,16,26,164,168,4128,3096,192,256
1476,Type_2,23,54,151,149,3264,2448,192,256
1478,Type_2,4,42,166,187,3264,2448,192,256
1480,Type_2,0,0,192,255,4128,3096,192,256
149,Type_2,32,67,147,128,4128,3096,192,256
15,Type_2,27,59,142,161,4128,3096,192,256
151,Type_2,26,53,141,152,4128,3096,192,256
152,Type_2,0,0,192,255,4128,3096,192,256
153,Type_2,24,50,144,143,4128,3096,192,256
156,Type_2,0,46,170,184,4128,3096,192,256
157,Type_2,0,26,192,196,3264,2448,192,256
159,Type_2,0,0,192,255,4128,3096,192,256
161,Type_2,46,43,101,119,4128,3096,192,256
162,Type_2,16,0,176,254,3264,2448,192,256
164,Type_2,17,50,156,155,4128,3096,192,256
165,Type_2,0,0,192,198,4128,3096,192,256
167,Type_2,53,77,94,95,640,480,192,256
168,Type_2,22,60,150,149,4128,3096,192,256
17,Type_2,48,92,116,101,4128,3096,192,256
173,Type_2,0,0,175,176,3264,2448,192,256
175,Type_2,3,40,168,159,3264,2448,192,256
177,Type_2,25,49,151,155,3264,2448,192,256
178,Type_2,0,0,192,255,4160,3120,192,256
182,Type_2,11,0,181,59,4128,3096,192,256
183,Type_2,17,54,137,128,3264,2448,192,256
184,Type_2,0,0,192,252,3264,2448,192,256
185,Type_2,0,0,192,255,3264,2448,192,256
186,Type_2,0,0,192,255,4128,3096,192,256
189,Type_2,17,68,138,120,4128,3096,192,256
19,Type_2,42,135,110,99,4128,3096,192,256
190,Type_2,0,0,192,255,4128,3096,192,256
192,Type_2,11,45,143,146,4128,3096,192,256
195,Type_2,35,74,106,108,3264,2448,192,256
198,Type_2,35,51,110,116,4128,3096,192,256
2,Type_2,0,0,192,255,4160,3120,192,256
203,Type_2,1,46,176,174,3264,2448,192,256
204,Type_2,0,0,192,255,4128,3096,192,256
206,Type_2,28,47,138,160,4128,3096,192,256
209,Type_2,5,41,178,176,3264,2448,192,256
21,Type_2,0,32,169,181,3264,2448,192,256
210,Type_2,0,0,192,255,4128,3096,192,256
213,Type_2,3,37,167,186,3264,2448,192,256
216,Type_2,43,73,82,90,3264,2448,192,256
219,Type_2,0,73,192,182,4128,3096,192,256
22,Type_2,0,15,192,206,4128,3096,192,256
223,Type_2,28,32,122,184,4128,3096,192,256
224,Type_2,0,0,192,255,4128,3096,192,256
225,Type_2,14,54,163,146,4128,3096,192,256
227,Type_2,0,0,192,255,4128,3096,192,256
231,Type_2,10,38,174,156,4128,3096,192,256
233,Type_2,15,54,133,128,4128,3096,192,256
234,Type_2,0,18,168,237,4128,3096,192,256
235,Type_2,0,0,192,255,4128,3096,192,256
236,Type_2,1,41,174,173,3264,2448,192,256
238,Type_2,31,73,110,112,3264,2448,192,256
24,Type_2,13,27,148,159,3264,2448,192,256
240,Type_2,0,0,192,255,4128,3096,192,256
241,Type_2,0,19,175,198,4128,3096,192,256
243,Type_2,0,12,192,211,4128,3096,192,256
244,Type_2,5,32,166,182,3264,2448,192,256
246,Type_2,8,46,173,171,4128,3096,192,256
250,Type_2,26,51,141,153,3264,2448,192,256
251,Type_2,37,58,122,159,3264,2448,192,256
255,Type_2,0,0,192,255,4128,3096,192,256
257,Type_2,28,66,117,115,3264,2448,192,256
26,Type_2,22,11,148,167,3264,2448,192,256
264,Type_2,27,95,122,135,4128,3096,192,256
266,Type_2,16,39,156,172,4160,3120,192,256
268,Type_2,0,0,192,255,640,480,192,256
270,Type_2,17,16,175,239,3264,2448,192,256
271,Type_2,0,0,192,255,4128,3096,192,256
274,Type_2,15,44,124,141,3264,2448,192,256
276,Type_2,177,0,79,80,3096,4128,256,192
278,Type_2,49,98,143,80,4128,3096,192,256
279,Type_2,28,52,134,133,4128,3096,192,256
28,Type_2,17,25,175,202,4128,3096,192,256
282,Type_2,0,0,192,255,4128,3096,192,256
283,Type_2,26,63,113,110,4128,3096,192,256
284,Type_2,0,35,172,175,3264,2448,192,256
285,Type_2,44,88,61,53,3264,2448,192,256
288,Type_2,34,64,113,126,4128,3096,192,256
29,Type_2,79,59,103,102,2448,3264,256,192
290,Type_2,13,27,107,173,3264,2448,192,256
291,Type_2,22,33,140,164,4128,3096,192,256
293,Type_2,0,55,28,152,3264,2448,192,256
296,Type_2,25,51,121,121,4128,3096,192,256
297,Type_2,32,63,111,118,3264,2448,192,256
301,Type_2,35,18,173,172,2448,3264,256,192
302,Type_2,49,36,81,143,3264,2448,192,256
303,Type_2,23,0,233,191,3096,4128,256,192
305,Type_2,0,0,192,255,4128,3096,192,256
31,Type_2,28,58,132,144,3264,2448,192,256
310,Type_2,22,71,153,152,4128,3096,192,256
312,Type_2,0,165,192,90,4128,3096,192,256
313,Type_2,0,48,192,151,4128,3096,192,256
314,Type_2,21,55,131,128,4128,3096,192,256
315,Type_2,14,44,152,135,4128,3096,192,256
316,Type_2,0,47,151,128,4128,3096,192,256
317,Type_2,0,0,160,155,3264,2448,192,256
319,Type_2,0,0,192,255,4128,3096,192,256
32,Type_2,0,0,192,255,3264,2448,192,256
326,Type_2,36,26,187,165,2448,3264,256,192
329,Type_2,43,66,81,104,3264,2448,192,256
330,Type_2,17,51,155,155,4128,3096,192,256
331,Type_2,45,60,105,112,3264,2448,192,256
332,Type_2,10,11,145,124,4128,3096,192,256
337,Type_2,23,47,144,152,3264,2448,192,256
339,Type_2,0,47,179,178,3264,2448,192,256
340,Type_2,23,49,124,138,4128,3096,192,256
341,Type_2,0,40,176,177,3264,2448,192,256
343,Type_2,0,0,192,255,4128,3096,192,256
345,Type_2,59,74,82,93,3264,2448,192,256
348,Type_2,0,0,192,255,4160,3120,192,256
351,Type_2,46,74,95,101,3264,2448,192,256
353,Type_2,42,74,102,103,3264,2448,192,256
354,Type_2,16,48,176,166,640,480,192,256
358,Type_2,31,68,111,114,3264,2448,192,256
359,Type_2,0,0,192,255,4160,3120,192,256
36,Type_2,0,13,121,69,3264,2448,192,256
360,Type_2,4,40,181,143,4128,3096,192,256
364,Type_2,27,54,138,148,4128,3096,192,256
365,Type_2,31,59,130,130,4128,3096,192,256
366,Type_2,39,74,100,104,3264,2448,192,256
367,Type_2,22,73,120,120,3264,2448,192,256
368,Type_2,20,64,172,191,4128,3096,192,256
369,Type_2,12,52,161,164,4128,3096,192,256
37,Type_2,34,59,103,119,3264,2448,192,256
371,Type_2,25,116,53,89,3264,2448,192,256
372,Type_2,35,119,157,101,4128,3096,192,256
374,Type_2,10,52,165,120,4128,3096,192,256
375,Type_2,48,60,106,115,3264,2448,192,256
377,Type_2,26,54,150,148,3264,2448,192,256
378,Type_2,0,0,192,255,4128,3096,192,256
381,Type_2,14,50,166,152,4128,3096,192,256
382,Type_2,26,46,141,146,3264,2448,192,256
385,Type_2,0,0,192,196,3264,2448,192,256
386,Type_2,0,0,192,255,4128,3096,192,256
388,Type_2,65,68,80,99,4128,3096,192,256
389,Type_2,0,85,124,137,3264,2448,192,256
39,Type_2,0,31,192,224,4128,3096,192,256
393,Type_2,12,43,172,170,3264,2448,192,256
394,Type_2,18,53,154,144,3264,2448,192,256
395,Type_2,0,0,192,255,3264,2448,192,256
397,Type_2,13,46,166,166,3264,2448,192,256
398,Type_2,0,25,188,220,4128,3096,192,256
4,Type_2,22,53,147,148,4128,3096,192,256
40,Type_2,11,30,161,182,3264,2448,192,256
400,Type_2,0,18,192,192,3264,2448,192,256
403,Type_2,0,57,170,151,4128,3096,192,256
404,Type_2,21,51,152,148,4128,3096,192,256
406,Type_2,0,50,179,135,4128,3096,192,256
407,Type_2,0,0,192,104,3264,2448,192,256
408,Type_2,19,51,143,157,4128,3096,192,256
410,Type_2,0,23,192,191,4128,3096,192,256
411,Type_2,100,93,52,76,3264,2448,192,256
412,Type_2,0,0,192,255,4128,3096,192,256
413,Type_2,0,116,192,139,3264,2448,192,256
414,Type_2,0,0,192,255,4128,3096,192,256
418,Type_2,0,39,192,163,4128,3096,192,256
419,Type_2,46,18,129,92,4128,3096,192,256
42,Type_2,0,0,192,115,4128,3096,192,256
420,Type_2,0,48,173,149,4128,3096,192,256
423,Type_2,30,64,129,172,4128,3096,192,256
428,Type_2,32,71,111,118,3264,2448,192,256
429,Type_2,81,35,112,107,2448,3264,256,192
43,Type_2,10,72,130,123,4128,3096,192,256
432,Type_2,23,36,126,93,4128,3096,192,256
437,Type_2,0,0,192,255,4128,3096,192,256
438,Type_2,0,122,114,133,3264,2448,192,256
44,Type_2,24,55,143,149,4128,3096,192,256
440,Type_2,0,42,192,200,4128,3096,192,256
442,Type_2,0,39,178,191,3264,2448,192,256
443,Type_2,0,57,163,135,4128,3096,192,256
444,Type_2,33,27,159,169,4128,3096,192,256
445,Type_2,0,0,192,255,4128,3096,192,256
447,Type_2,47,68,107,103,4128,3096,192,256
448,Type_2,23,54,149,148,4128,3096,192,256
449,Type_2,0,72,192,146,4128,3096,192,256
45,Type_2,58,83,73,99,4128,3096,192,256
451,Type_2,22,53,153,151,3264,2448,192,256
452,Type_2,0,35,192,174,4128,3096,192,256
453,Type_2,26,51,143,148,4128,3096,192,256
455,Type_2,33,79,110,109,3264,2448,192,256
456,Type_2,0,39,192,177,4128,3096,192,256
457,Type_2,22,38,147,133,4128,3096,192,256
458,Type_2,32,53,144,140,4128,3096,192,256
46,Type_2,24,55,150,150,3264,2448,192,256
460,Type_2,55,78,79,91,4128,3096,192,256
461,Type_2,0,42,192,170,4128,3096,192,256
462,Type_2,0,25,192,193,4128,3096,192,256
464,Type_2,28,17,164,238,3264,2448,192,256
472,Type_2,0,18,192,174,4128,3096,192,256
473,Type_2,21,54,150,145,4128,3096,192,256
474,Type_2,0,0,192,255,4128,3096,192,256
476,Type_2,54,74,93,94,3264,2448,192,256
482,Type_2,19,87,106,132,3264,2448,192,256
483,Type_2,0,0,192,255,4128,3096,192,256
485,Type_2,0,32,192,139,4128,3096,192,256
486,Type_2,0,34,166,189,3264,2448,192,256
487,Type_2,40,45,137,118,3264,2448,192,256
488,Type_2,24,54,147,140,4128,3096,192,256
490,Type_2,0,0,192,119,3264,2448,192,256
493,Type_2,16,50,165,161,4128,3096,192,256
496,Type_2,41,59,100,126,3264,2448,192,256
499,Type_2,44,50,102,110,3264,2448,192,256
501,Type_2,0,0,192,255,3264,2448,192,256
502,Type_2,51,63,111,117,3264,2448,192,256
503,Type_2,0,0,192,255,4128,3096,192,256
504,Type_2,0,79,124,120,3264,2448,192,256
505,Type_2,0,0,192,255,4128,3096,192,256
506,Type_2,0,29,154,184,4128,3096,192,256
507,Type_2,44,63,134,122,4128,3096,192,256
508,Type_2,0,3,174,228,3264,2448,192,256
509,Type_2,0,0,192,255,4128,3096,192,256
51,Type_2,0,0,192,255,4160,3120,192,256
515,Type_2,21,50,149,149,3264,2448,192,256
517,Type_2,0,0,192,255,4128,3096,192,256
52,Type_2,0,165,192,90,3264,2448,192,256
521,Type_2,17,48,161,148,4128,3096,192,256
522,Type_2,39,77,147,158,4128,3096,192,256
524,Type_2,58,64,85,109,4128,3096,192,256
525,Type_2,1,59,143,137,4128,2322,144,256
526,Type_2,18,54,94,154,3264,2448,192,256
528,Type_2,0,0,192,97,4128,3096,192,256
529,Type_2,3,1,189,238,4128,3096,192,256
53,Type_2,0,36,180,180,4128,3096,192,256
533,Type_2,18,56,153,153,4160,3120,192,256
534,Type_2,23,34,152,156,4128,3096,192,256
535,Type_2,0,67,153,125,4128,3096,192,256
537,Type_2,43,34,149,149,4128,3096,192,256
538,Type_2,0,35,192,163,3264,2448,192,256
54,Type_2,0,0,192,255,3264,2448,192,256
540,Type_2,27,34,96,150,4128,3096,192,256
541,Type_2,0,21,167,219,3264,2448,192,256
542,Type_2,0,42,140,150,3264,2448,192,256
544,Type_2,43,60,120,122,4128,3096,192,256
545,Type_2,0,51,174,151,4128,3096,192,256
546,Type_2,31,78,111,111,3264,2448,192,256
547,Type_2,5,54,155,152,3264,2448,192,256
548,Type_2,0,0,192,255,4128,3096,192,256
549,Type_2,0,0,192,255,3264,2448,192,256
552,Type_2,0,41,178,176,3264,2448,192,256
556,Type_2,27,51,142,150,4128,3096,192,256
557,Type_2,32,33,148,130,3264,2448,192,256
559,Type_2,0,0,192,255,4128,3096,192,256
56,Type_2,0,41,172,155,4128,3096,192,256
561,Type_2,0,25,192,219,4128,3096,192,256
563,Type_2,42,12,132,149,4128,3096,192,256
564,Type_2,0,0,192,255,3264,2448,192,256
566,Type_2,0,12,174,234,3264,2448,192,256
568,Type_2,29,0,163,225,4128,3096,192,256
569,Type_2,0,0,164,186,3264,2448,192,256
570,Type_2,48,80,96,90,3264,2448,192,256
572,Type_2,0,40,178,177,3264,2448,192,256
574,Type_2,0,78,192,153,4128,3096,192,256
577,Type_2,0,0,192,215,3264,2448,192,256
581,Type_2,15,45,162,155,4128,3096,192,256
584,Type_2,0,0,192,255,4128,3096,192,256
586,Type_2,22,52,149,149,3264,2448,192,256
588,Type_2,42,37,90,133,3264,2448,192,256
589,Type_2,27,66,113,116,3264,2448,192,256
591,Type_2,0,47,137,188,4128,3096,192,256
592,Type_2,0,0,192,255,4128,3096,192,256
595,Type_2,29,41,163,159,4128,3096,192,256
597,Type_2,24,54,147,150,4128,3096,192,256
6,Type_2,0,0,192,165,4128,3096,192,256
60,Type_2,20,30,149,139,4128,3096,192,256
601,Type_2,0,40,171,174,3264,2448,192,256
602,Type_2,0,0,192,98,3264,2448,192,256
603,Type_2,14,15,178,218,4128,3096,192,256
607,Type_2,0,26,176,204,3264,2448,192,256
608,Type_2,20,61,140,147,4128,3096,192,256
609,Type_2,10,45,176,175,3264,2448,192,256
610,Type_2,0,0,192,255,4128,3096,192,256
611,Type_2,0,29,192,83,4128,3096,192,256
612,Type_2,0,39,162,161,4128,3096,192,256
613,Type_2,0,0,192,192,4128,3096,192,256
614,Type_2,20,97,123,90,4128,2322,144,256
615,Type_2,85,25,104,104,2448,3264,256,192
616,Type_2,0,0,192,255,4128,3096,192,256
618,Type_2,21,55,150,149,3264,2448,192,256
621,Type_2,44,56,147,149,3264,2448,192,256
622,Type_2,0,0,192,255,4128,3096,192,256
632,Type_2,35,57,129,130,4128,3096,192,256
633,Type_2,18,51,172,146,3264,2448,192,256
634,Type_2,0,70,104,88,3264,2448,192,256
639,Type_2,18,68,137,112,4128,3096,192,256
64,Type_2,0,0,192,227,4128,3096,192,256
640,Type_2,14,38,178,189,4128,3096,192,256
642,Type_2,0,0,192,96,4128,3096,192,256
644,Type_2,28,49,146,158,4128,3096,192,256
647,Type_2,19,0,173,194,3264,2448,192,256
648,Type_2,29,67,163,155,3264,2448,192,256
65,Type_2,41,76,106,99,3264,2448,192,256
651,Type_2,27,68,142,131,4128,3096,192,256
652,Type_2,42,64,150,149,4128,3096,192,256
655,Type_2,35,66,110,125,3264,2448,192,256
656,Type_2,26,67,115,116,3264,2448,192,256
657,Type_2,16,46,162,159,3264,2448,192,256
658,Type_2,0,68,180,154,4128,3096,192,256
659,Type_2,0,0,192,255,4128,3096,192,256
66,Type_2,0,36,192,194,4128,3096,192,256
662,Type_2,52,28,204,163,3096,4128,256,192
665,Type_2,0,114,192,141,4128,3096,192,256
666,Type_2,20,39,135,129,4128,3096,192,256
67,Type_2,0,70,153,143,3264,2448,192,256
671,Type_2,29,65,124,127,3264,2448,192,256
673,Type_2,17,51,118,123,4128,3096,192,256
674,Type_2,52,79,90,94,3264,2448,192,256
676,Type_2,0,42,178,198,4128,3096,192,256
678,Type_2,43,43,115,142,3264,2448,192,256
68,Type_2,22,69,120,127,3264,2448,192,256
680,Type_2,0,0,192,255,4128,3096,192,256
681,Type_2,0,0,192,255,4128,3096,192,256
684,Type_2,18,51,150,144,4128,3096,192,256
686,Type_2,0,34,155,207,3264,2448,192,256
687,Type_2,0,39,169,177,3264,2448,192,256
688,Type_2,0,0,192,255,4128,3096,192,256
691,Type_2,72,116,61,49,3264,2448,192,256
693,Type_2,35,63,130,119,3264,2448,192,256
696,Type_2,8,16,184,192,4128,3096,192,256
698,Type_2,27,54,145,148,4128,3096,192,256
699,Type_2,1,39,179,179,3264,2448,192,256
701,Type_2,0,0,192,255,4128,3096,192,256
702,Type_2,0,0,192,255,4128,3096,192,256
703,Type_2,0,33,172,180,3264,2448,192,256
704,Type_2,132,92,21,103,3264,2448,192,256
705,Type_2,16,52,161,155,4128,3096,192,256
707,Type_2,19,51,150,151,3264,2448,192,256
712,Type_2,20,51,150,148,3264,2448,192,256
714,Type_2,21,42,153,126,4128,3096,192,256
716,Type_2,48,47,131,139,3264,2448,192,256
717,Type_2,10,31,181,176,4128,3096,192,256
718,Type_2,4,96,173,104,3264,2448,192,256
719,Type_2,46,69,119,101,4128,3096,192,256
72,Type_2,0,54,117,123,4128,2322,144,256
720,Type_2,22,31,144,162,3264,2448,192,256
722,Type_2,40,76,99,98,3264,2448,192,256
723,Type_2,25,56,141,147,4128,3096,192,256
724,Type_2,20,51,153,155,4128,3096,192,256
726,Type_2,0,0,192,255,4128,3096,192,256
729,Type_2,18,40,150,160,4128,3096,192,256
730,Type_2,27,49,139,143,3264,2448,192,256
738,Type_2,20,51,150,148,3264,2448,192,256
74,Type_2,0,0,192,255,4128,3096,192,256
741,Type_2,0,12,192,229,4128,3096,192,256
743,Type_2,35,79,122,126,4128,3096,192,256
744,Type_2,14,59,156,143,3264,2448,192,256
748,Type_2,0,0,192,255,4128,3096,192,256
749,Type_2,0,0,192,255,4128,3096,192,256
75,Type_2,52,80,77,80,3264,2448,192,256
753,Type_2,0,43,176,175,3264,2448,192,256
754,Type_2,33,74,126,113,3264,2448,192,256
756,Type_2,1,40,160,172,3264,2448,192,256
76,Type_2,0,0,192,255,4128,3096,192,256
760,Type_2,0,47,192,156,4128,3096,192,256
761,Type_2,33,9,146,181,4128,3096,192,256
762,Type_2,0,0,192,255,4128,3096,192,256
768,Type_2,0,75,192,157,4128,3096,192,256
77,Type_2,0,0,192,255,4128,3096,192,256
771,Type_2,16,82,129,123,4128,3096,192,256
772,Type_2,93,0,99,255,4128,3096,192,256
775,Type_2,24,56,145,143,3264,2448,192,256
777,Type_2,23,46,153,140,4128,3096,192,256
78,Type_2,0,29,192,206,4160,3120,192,256
781,Type_2,24,39,150,152,4160,3120,192,256
785,Type_2,0,0,192,255,4128,3096,192,256
786,Type_2,0,0,192,255,3264,2448,192,256
789,Type_2,10,41,175,181,3264,2448,192,256
79,Type_2,24,54,145,145,4128,3096,192,256
790,Type_2,32,116,160,103,4128,3096,192,256
792,Type_2,19,50,150,153,3264,2448,192,256
793,Type_2,47,70,106,108,3264,2448,192,256
794,Type_2,26,75,137,133,4128,3096,192,256
795,Type_2,0,0,192,255,3264,2448,192,256
797,Type_2,73,26,110,117,2448,3264,256,192
798,Type_2,18,61,159,145,4160,3120,192,256
8,Type_2,18,50,149,151,4128,3096,192,256
80,Type_2,54,60,119,116,3264,2448,192,256
804,Type_2,0,75,151,113,4128,3096,192,256
807,Type_2,33,57,108,115,3264,2448,192,256
813,Type_2,2,31,169,181,3264,2448,192,256
815,Type_2,17,53,163,140,3264,2448,192,256
816,Type_2,44,33,124,131,3264,2448,192,256
819,Type_2,0,40,137,215,4128,3096,192,256
824,Type_2,27,89,142,148,4128,3096,192,256
826,Type_2,0,0,192,255,4128,3096,192,256
827,Type_2,2,37,176,172,3264,2448,192,256
829,Type_2,11,83,170,138,3264,2448,192,256
830,Type_2,18,48,155,161,4128,3096,192,256
831,Type_2,24,0,221,165,2448,3264,256,192
832,Type_2,45,75,147,133,4128,3096,192,256
834,Type_2,0,0,192,255,4128,3096,192,256
838,Type_2,29,81,115,125,4128,3096,192,256
84,Type_2,26,51,166,156,4128,3096,192,256
841,Type_2,16,75,176,180,3264,2448,192,256
843,Type_2,0,0,192,255,3264,2448,192,256
844,Type_2,56,77,93,89,3264,2448,192,256
847,Type_2,24,56,144,144,4128,3096,192,256
849,Type_2,0,0,192,255,4128,3096,192,256
85,Type_2,0,53,55,180,3264,2448,192,256
850,Type_2,0,24,192,191,4128,3096,192,256
851,Type_2,36,75,102,100,3264,2448,192,256
852,Type_2,54,77,94,103,3264,2448,192,256
854,Type_2,29,34,122,178,3264,2448,192,256
856,Type_2,54,79,94,93,4128,3096,192,256
857,Type_2,17,43,157,156,4128,3096,192,256
858,Type_2,19,76,144,100,4128,3096,192,256
859,Type_2,5,40,179,177,3264,2448,192,256
86,Type_2,12,51,180,132,4128,3096,192,256
860,Type_2,24,42,141,145,4128,3096,192,256
861,Type_2,2,39,135,180,3264,2448,192,256
862,Type_2,0,33,174,169,4128,3096,192,256
863,Type_2,30,63,113,122,3264,2448,192,256
865,Type_2,53,89,88,119,4128,3096,192,256
867,Type_2,28,53,148,146,3264,2448,192,256
868,Type_2,1,32,177,176,3264,2448,192,256
871,Type_2,16,53,161,150,4128,3096,192,256
874,Type_2,0,23,192,195,4128,3096,192,256
88,Type_2,0,40,169,175,3264,2448,192,256
882,Type_2,34,24,158,188,3264,2448,192,256
883,Type_2,21,52,152,149,3264,2448,192,256
884,Type_2,62,33,119,131,2448,3264,256,192
886,Type_2,59,82,90,86,3264,2448,192,256
888,Type_2,23,54,147,145,4128,3096,192,256
89,Type_2,25,55,151,149,3264,2448,192,256
894,Type_2,0,22,143,209,4128,2322,144,256
896,Type_2,0,82,192,173,4128,3096,192,256
9,Type_2,0,42,171,213,4128,3096,192,256
90,Type_2,38,79,92,74,4128,3096,192,256
903,Type_2,0,0,192,255,4128,3096,192,256
904,Type_2,20,46,136,165,3264,2448,192,256
905,Type_2,0,76,191,167,4128,3096,192,256
91,Type_2,75,57,105,105,2448,3264,256,192
911,Type_2,35,100,93,97,3264,2448,192,256
912,Type_2,18,54,154,145,3264,2448,192,256
913,Type_2,20,49,148,160,4128,3096,192,256
915,Type_2,0,0,192,255,4160,3120,192,256
919,Type_2,75,54,108,106,2448,3264,256,192
92,Type_2,0,0,192,255,4128,3096,192,256
922,Type_2,19,49,155,146,3264,2448,192,256
925,Type_2,47,81,98,98,3264,2448,192,256
926,Type_2,47,80,95,102,3264,2448,192,256
929,Type_2,0,0,192,255,4128,3096,192,256
93,Type_2,0,0,192,255,4128,3096,192,256
932,Type_2,43,74,100,109,4128,3096,192,256
933,Type_2,50,77,92,94,4128,3096,192,256
934,Type_2,41,70,151,185,4128,3096,192,256
935,Type_2,20,45,141,160,3264,2448,192,256
936,Type_2,9,38,174,174,4128,3096,192,256
937,Type_2,32,82,115,108,4128,3096,192,256
938,Type_2,67,35,156,120,3096,4128,256,192
939,Type_2,50,110,102,80,4128,3096,192,256
94,Type_2,21,43,149,163,4128,3096,192,256
940,Type_2,26,66,121,120,3264,2448,192,256
942,Type_2,17,47,155,150,3264,2448,192,256
946,Type_2,0,38,168,182,3264,2448,192,256
948,Type_2,0,16,192,199,4128,3096,192,256
95,Type_2,0,0,192,255,3264,2448,192,256
955,Type_2,45,76,94,100,4128,3096,192,256
956,Type_2,18,48,156,155,4128,3096,192,256
957,Type_2,23,82,101,97,3264,2448,192,256
958,Type_2,19,57,157,144,3264,2448,192,256
959,Type_2,42,52,118,119,4128,3096,192,256
960,Type_2,61,124,100,110,4128,3096,192,256
961,Type_2,49,78,96,91,3264,2448,192,256
963,Type_2,30,46,116,148,4128,3096,192,256
964,Type_2,0,69,192,186,4128,3096,192,256
966,Type_2,0,97,170,99,4128,3096,192,256
967,Type_2,18,52,155,154,4128,3096,192,256
969,Type_2,34,70,108,122,4128,3096,192,256
97,Type_2,0,46,158,109,4128,3096,192,256
970,Type_2,0,62,192,153,4128,3096,192,256
971,Type_2,0,0,192,73,4128,3096,192,256
973,Type_2,0,0,192,255,4128,3096,192,256
974,Type_2,21,54,148,147,3264,2448,192,256
976,Type_2,40,67,108,120,3264,2448,192,256
978,Type_2,26,54,142,144,4128,3096,192,256
979,Type_2,34,67,127,125,3264,2448,192,256
981,Type_2,36,85,119,97,3264,2448,192,256
985,Type_2,22,53,148,148,3264,2448,192,256
987,Type_2,17,65,154,140,4128,3096,192,256
988,Type_2,41,87,83,83,3264,2448,192,256
989,Type_2,31,76,95,94,3264,2448,192,256
99,Type_2,20,49,156,155,3264,2448,192,256
990,Type_2,39,88,93,102,3264,2448,192,256
992,Type_2,29,46,136,126,4128,3096,192,256
994,Type_2,52,81,98,97,3264,2448,192,256
997,Type_2,21,54,150,154,3264,2448,192,256
999,Type_2,0,25,192,211,4128,3096,192,256
1000,Type_3,21,52,149,153,3264,2448,192,256
1003,Type_3,33,84,113,106,3264,2448,192,256
1004,Type_3,35,67,115,115,3264,2448,192,256
1007,Type_3,31,54,141,139,3264,2448,192,256
1008,Type_3,25,55,142,143,3264,2448,192,256
1009,Type_3,31,0,161,221,3264,2448,192,256
1015,Type_3,0,41,179,177,3264,2448,192,256
1020,Type_3,47,81,95,91,3264,2448,192,256
1028,Type_3,0,0,100,44,3264,2448,192,256
1029,Type_3,37,69,113,105,3264,2448,192,256
1030,Type_3,63,51,80,98,3264,2448,192,256
1031,Type_3,30,63,125,119,4128,3096,192,256
1034,Type_3,31,69,110,110,3264,2448,192,256
1037,Type_3,31,65,111,123,3264,2448,192,256
1041,Type_3,0,62,192,193,4128,3096,192,256
1045,Type_3,0,42,161,160,3264,2448,192,256
1048,Type_3,25,108,146,86,3264,2448,192,256
1052,Type_3,68,38,130,129,2448,3264,256,192
1053,Type_3,15,45,166,163,3264,2448,192,256
106,Type_3,21,51,151,153,3264,2448,192,256
1060,Type_3,32,66,111,112,3264,2448,192,256
1062,Type_3,0,0,192,255,3264,2448,192,256
1063,Type_3,0,20,170,162,3264,2448,192,256
1064,Type_3,16,41,165,173,3264,2448,192,256
1069,Type_3,29,68,116,112,3264,2448,192,256
108,Type_3,0,0,192,255,4128,3096,192,256
1080,Type_3,36,56,81,89,3264,2448,192,256
1081,Type_3,35,68,105,105,3264,2448,192,256
1082,Type_3,60,57,85,121,3264,2448,192,256
1086,Type_3,0,0,192,223,4128,3096,192,256
1088,Type_3,45,52,97,97,4128,3096,192,256
1092,Type_3,28,46,132,130,3264,2448,192,256
1094,Type_3,25,65,94,106,4128,3096,192,256
1095,Type_3,26,61,114,120,3264,2448,192,256
11,Type_3,0,0,192,255,4128,3096,192,256
1101,Type_3,21,45,142,156,3264,2448,192,256
1107,Type_3,24,54,145,146,3264,2448,192,256
1108,Type_3,17,49,156,155,4128,3096,192,256
111,Type_3,25,57,153,147,4128,3096,192,256
1110,Type_3,63,0,76,128,3264,2448,192,256
1111,Type_3,0,113,144,106,4128,3096,192,256
1112,Type_3,59,83,74,83,4128,3096,192,256
1113,Type_3,23,55,150,150,3264,2448,192,256
1120,Type_3,0,0,192,255,4128,3096,192,256
1127,Type_3,20,0,172,56,3264,2448,192,256
1128,Type_3,55,81,89,91,3264,2448,192,256
1129,Type_3,0,0,192,255,4128,3096,192,256
113,Type_3,0,70,156,128,4128,3096,192,256
1133,Type_3,30,76,111,111,3264,2448,192,256
1137,Type_3,13,45,163,163,3264,2448,192,256
114,Type_3,1,41,174,172,3264,2448,192,256
1150,Type_3,0,0,192,255,3264,2448,192,256
1153,Type_3,22,54,149,147,3264,2448,192,256
1157,Type_3,62,57,125,141,3264,2448,192,256
1162,Type_3,0,0,192,90,3264,2448,192,256
1163,Type_3,0,0,192,255,3264,2448,192,256
1164,Type_3,0,62,129,138,4128,2322,144,256
1165,Type_3,83,0,131,152,2448,3264,256,192
1166,Type_3,37,41,140,100,3264,2448,192,256
1167,Type_3,0,0,192,255,3264,2448,192,256
1177,Type_3,49,20,159,153,3096,4128,256,192
118,Type_3,22,54,151,150,3264,2448,192,256
1182,Type_3,20,58,154,144,3264,2448,192,256
1183,Type_3,36,60,124,115,4128,3096,192,256
1191,Type_3,21,51,151,155,3264,2448,192,256
1200,Type_3,2,38,180,187,3264,2448,192,256
1206,Type_3,56,31,80,146,4128,3096,192,256
1207,Type_3,41,70,116,117,3264,2448,192,256
1208,Type_3,0,94,121,119,4128,2322,144,256
1221,Type_3,35,71,114,122,3264,2448,192,256
1224,Type_3,40,60,119,130,4128,3096,192,256
1232,Type_3,38,38,118,129,4128,3096,192,256
1235,Type_3,0,40,161,120,3264,2448,192,256
1237,Type_3,21,52,148,153,3264,2448,192,256
124,Type_3,15,49,162,160,4128,3096,192,256
1244,Type_3,18,39,160,161,3264,2448,192,256
1248,Type_3,0,0,101,191,3096,4128,256,192
125,Type_3,36,76,106,105,3264,2448,192,256
1252,Type_3,24,55,148,147,4128,3096,192,256
1254,Type_3,53,76,86,93,3264,2448,192,256
1256,Type_3,24,18,120,177,4128,2322,144,256
1259,Type_3,2,37,178,178,3264,2448,192,256
1265,Type_3,31,87,93,58,4128,3096,192,256
1268,Type_3,0,44,170,195,3264,2448,192,256
1270,Type_3,24,55,145,146,4128,3096,192,256
1275,Type_3,0,0,192,255,4128,3096,192,256
1277,Type_3,18,51,151,151,3264,2448,192,256
1278,Type_3,66,89,56,48,3264,2448,192,256
1280,Type_3,30,39,137,177,3264,2448,192,256
1284,Type_3,0,0,192,255,3264,2448,192,256
1286,Type_3,0,37,178,177,3264,2448,192,256
1287,Type_3,16,0,176,38,3264,2448,192,256
1291,Type_3,21,53,152,140,3264,2448,192,256
1296,Type_3,23,55,146,145,4128,3096,192,256
130,Type_3,43,90,97,101,3264,2448,192,256
1300,Type_3,0,34,173,177,3264,2448,192,256
1306,Type_3,40,57,107,137,3264,2448,192,256
1307,Type_3,0,42,173,172,3264,2448,192,256
1309,Type_3,28,48,139,143,3264,2448,192,256
132,Type_3,75,59,99,126,3264,2448,192,256
1323,Type_3,24,81,99,99,3264,2448,192,256
1332,Type_3,40,85,94,88,3264,2448,192,256
1333,Type_3,22,54,144,149,4128,3096,192,256
1335,Type_3,0,0,145,168,4128,3096,192,256
1341,Type_3,4,40,172,171,3264,2448,192,256
1347,Type_3,19,53,152,146,3264,2448,192,256
135,Type_3,34,68,115,121,3264,2448,192,256
1350,Type_3,0,42,175,173,3264,2448,192,256
1351,Type_3,21,48,149,154,4128,3096,192,256
1355,Type_3,47,81,126,115,3264,2448,192,256
1360,Type_3,0,0,178,194,3264,2448,192,256
1364,Type_3,34,69,121,107,3264,2448,192,256
1366,Type_3,32,67,119,118,3264,2448,192,256
1367,Type_3,41,38,118,130,3264,2448,192,256
1372,Type_3,43,6,184,151,2448,3264,256,192
1374,Type_3,28,144,164,111,4128,3096,192,256
1375,Type_3,50,43,104,76,3264,2448,192,256
1382,Type_3,9,51,156,141,3264,2448,192,256
1387,Type_3,40,59,111,86,4128,3096,192,256
1394,Type_3,64,104,64,58,3264,2448,192,256
1396,Type_3,0,33,181,200,4128,3096,192,256
1397,Type_3,0,0,192,255,3264,2448,192,256
1400,Type_3,0,0,192,255,3264,2448,192,256
1401,Type_3,0,4,186,241,4128,3096,192,256
1402,Type_3,51,40,94,115,3264,2448,192,256
1403,Type_3,35,70,108,109,3264,2448,192,256
1404,Type_3,0,37,174,181,3264,2448,192,256
1408,Type_3,0,22,192,199,3264,2448,192,256
1409,Type_3,28,51,110,108,3264,2448,192,256
141,Type_3,0,18,192,237,3264,2448,192,256
1410,Type_3,47,61,125,125,4128,3096,192,256
1412,Type_3,0,30,192,163,4128,3096,192,256
1417,Type_3,18,50,150,157,4128,3096,192,256
1420,Type_3,7,41,175,174,3264,2448,192,256
1423,Type_3,23,80,104,106,3264,2448,192,256
1425,Type_3,0,14,188,239,3264,2448,192,256
1429,Type_3,42,46,120,150,4128,3096,192,256
143,Type_3,41,54,130,65,3264,2448,192,256
1431,Type_3,28,43,152,122,3264,2448,192,256
1434,Type_3,23,51,146,149,4128,3096,192,256
1442,Type_3,0,0,152,174,4128,3096,192,256
1447,Type_3,0,62,192,193,4128,3096,192,256
1448,Type_3,39,22,182,169,2448,3264,256,192
145,Type_3,17,48,152,155,4128,3096,192,256
1455,Type_3,34,77,122,121,3264,2448,192,256
1458,Type_3,60,69,100,136,3264,2448,192,256
1459,Type_3,34,39,145,134,3264,2448,192,256
146,Type_3,17,47,156,155,4128,3096,192,256
1460,Type_3,0,0,192,255,4128,3096,192,256
1461,Type_3,34,77,108,106,3264,2448,192,256
1469,Type_3,0,106,149,70,3264,2448,192,256
1470,Type_3,40,71,100,103,3264,2448,192,256
1475,Type_3,24,53,144,140,3264,2448,192,256
1477,Type_3,15,51,152,145,3264,2448,192,256
1479,Type_3,0,0,192,231,3264,2448,192,256
150,Type_3,21,53,149,149,3264,2448,192,256
154,Type_3,67,62,74,94,3264,2448,192,256
155,Type_3,0,202,192,53,3264,2448,192,256
158,Type_3,0,0,192,255,3264,2448,192,256
16,Type_3,0,0,192,255,4128,3096,192,256
163,Type_3,0,43,174,175,3264,2448,192,256
166,Type_3,23,55,150,142,3264,2448,192,256
169,Type_3,49,96,55,59,3264,2448,192,256
170,Type_3,30,64,115,120,3264,2448,192,256
172,Type_3,0,37,177,175,3264,2448,192,256
174,Type_3,46,69,105,136,3264,2448,192,256
179,Type_3,48,52,144,203,4128,3096,192,256
18,Type_3,20,70,149,149,4128,3096,192,256
187,Type_3,14,51,147,154,4128,3096,192,256
188,Type_3,31,54,161,87,4128,3096,192,256
193,Type_3,50,72,102,92,4128,3096,192,256
194,Type_3,23,55,148,147,4128,3096,192,256
196,Type_3,32,19,180,167,2448,3264,256,192
197,Type_3,22,63,127,124,3264,2448,192,256
199,Type_3,20,54,150,150,3264,2448,192,256
20,Type_3,23,13,148,42,3264,2448,192,256
200,Type_3,11,37,132,137,3264,2448,192,256
202,Type_3,0,0,192,255,4128,3096,192,256
207,Type_3,42,67,105,108,3264,2448,192,256
211,Type_3,0,0,192,55,3264,2448,192,256
212,Type_3,0,64,116,148,3264,2448,192,256
214,Type_3,7,79,165,91,3264,2448,192,256
217,Type_3,1,41,173,172,3264,2448,192,256
220,Type_3,32,55,125,92,3264,2448,192,256
221,Type_3,31,42,101,114,3264,2448,192,256
222,Type_3,32,53,151,145,3264,2448,192,256
226,Type_3,0,0,192,255,4128,3096,192,256
228,Type_3,17,53,156,153,4128,3096,192,256
23,Type_3,24,124,138,109,4128,3096,192,256
232,Type_3,24,52,149,149,3264,2448,192,256
242,Type_3,0,0,162,174,4128,3096,192,256
247,Type_3,0,0,192,255,3264,2448,192,256
249,Type_3,0,156,192,99,4128,3096,192,256
25,Type_3,17,74,146,117,3264,2448,192,256
253,Type_3,28,121,69,80,4128,2322,144,256
256,Type_3,12,39,166,216,3264,2448,192,256
258,Type_3,21,55,149,161,3264,2448,192,256
259,Type_3,19,46,152,152,3264,2448,192,256
260,Type_3,48,87,70,62,3264,2448,192,256
261,Type_3,45,47,129,118,4128,3096,192,256
263,Type_3,0,0,192,255,3264,2448,192,256
269,Type_3,34,33,158,176,4128,3096,192,256
272,Type_3,0,0,192,255,4128,3096,192,256
273,Type_3,0,53,169,163,3264,2448,192,256
275,Type_3,36,15,175,173,2448,3264,256,192
277,Type_3,23,53,151,149,3264,2448,192,256
280,Type_3,31,79,110,112,3264,2448,192,256
286,Type_3,0,0,192,255,4128,3096,192,256
287,Type_3,22,39,156,166,3264,2448,192,256
289,Type_3,18,50,149,147,4128,3096,192,256
292,Type_3,0,0,192,255,3264,2448,192,256
295,Type_3,32,70,107,110,3264,2448,192,256
299,Type_3,0,81,192,128,4128,3096,192,256
3,Type_3,40,74,83,103,4160,3120,192,256
30,Type_3,0,0,192,255,4128,3096,192,256
300,Type_3,13,42,172,179,3264,2448,192,256
304,Type_3,0,0,156,141,4128,3096,192,256
307,Type_3,45,45,147,146,3264,2448,192,256
309,Type_3,25,45,143,155,4128,3096,192,256
318,Type_3,67,95,65,62,3264,2448,192,256
320,Type_3,24,61,168,153,4128,3096,192,256
321,Type_3,32,56,126,120,4128,3096,192,256
322,Type_3,40,79,89,87,3264,2448,192,256
323,Type_3,45,80,85,78,3264,2448,192,256
324,Type_3,28,64,120,118,3264,2448,192,256
325,Type_3,48,71,103,99,4128,3096,192,256
327,Type_3,0,0,192,255,4160,3120,192,256
328,Type_3,0,0,192,255,3264,2448,192,256
33,Type_3,15,47,130,116,3264,2448,192,256
335,Type_3,11,53,140,118,3264,2448,192,256
336,Type_3,2,0,190,251,4128,3096,192,256
344,Type_3,24,64,125,118,3264,2448,192,256
347,Type_3,23,53,143,151,4128,3096,192,256
350,Type_3,0,36,169,180,3264,2448,192,256
352,Type_3,101,0,155,178,3096,4128,256,192
355,Type_3,44,88,85,80,3264,2448,192,256
357,Type_3,23,53,150,151,3264,2448,192,256
361,Type_3,41,76,122,98,4128,3096,192,256
362,Type_3,29,35,138,181,3264,2448,192,256
363,Type_3,0,0,192,255,4128,3096,192,256
370,Type_3,0,0,192,255,4128,3096,192,256
373,Type_3,0,40,174,183,3264,2448,192,256
38,Type_3,0,43,171,181,3264,2448,192,256
380,Type_3,0,0,192,255,3264,2448,192,256
390,Type_3,37,44,144,125,3096,4128,256,192
391,Type_3,0,0,192,255,4128,3096,192,256
392,Type_3,0,0,192,255,3264,2448,192,256
399,Type_3,0,82,176,135,3264,2448,192,256
402,Type_3,21,50,145,155,3264,2448,192,256
405,Type_3,43,83,79,90,3264,2448,192,256
409,Type_3,0,42,134,184,3264,2448,192,256
415,Type_3,42,18,174,172,2448,3264,256,192
417,Type_3,59,81,93,103,3264,2448,192,256
422,Type_3,40,61,119,112,3264,2448,192,256
424,Type_3,0,41,186,184,3264,2448,192,256
426,Type_3,31,77,113,114,3264,2448,192,256
427,Type_3,0,0,192,224,4128,3096,192,256
430,Type_3,31,69,127,119,4128,3096,192,256
431,Type_3,0,67,152,139,3264,2448,192,256
433,Type_3,19,49,173,158,3264,2448,192,256
435,Type_3,0,0,190,253,3264,2448,192,256
436,Type_3,9,26,183,178,3264,2448,192,256
439,Type_3,52,78,97,95,3264,2448,192,256
450,Type_3,0,0,192,201,4128,3096,192,256
459,Type_3,19,46,150,165,3264,2448,192,256
465,Type_3,27,85,132,103,3264,2448,192,256
466,Type_3,36,69,116,116,3264,2448,192,256
467,Type_3,35,63,113,108,3264,2448,192,256
468,Type_3,25,51,147,148,4128,3096,192,256
475,Type_3,19,49,147,154,4128,3096,192,256
477,Type_3,43,72,104,109,3264,2448,192,256
479,Type_3,27,0,120,37,3264,2448,192,256
480,Type_3,33,53,139,123,3264,2448,192,256
489,Type_3,33,14,178,169,2448,3264,256,192
49,Type_3,18,54,156,143,3264,2448,192,256
491,Type_3,0,0,192,255,4128,3096,192,256
492,Type_3,21,77,119,104,4128,3096,192,256
494,Type_3,57,78,73,83,3264,2448,192,256
495,Type_3,14,53,120,152,3264,2448,192,256
498,Type_3,0,37,192,169,3264,2448,192,256
5,Type_3,45,55,91,122,4128,3096,192,256
50,Type_3,0,0,192,122,3264,2448,192,256
500,Type_3,8,49,166,165,4160,3120,192,256
510,Type_3,14,33,145,178,3264,2448,192,256
511,Type_3,0,40,170,174,3264,2448,192,256
512,Type_3,1,94,177,161,4128,3096,192,256
514,Type_3,0,35,186,183,3264,2448,192,256
519,Type_3,67,44,123,124,2448,3264,256,192
520,Type_3,0,0,192,255,3264,2448,192,256
527,Type_3,4,38,171,175,3264,2448,192,256
530,Type_3,0,55,173,153,4128,3096,192,256
543,Type_3,0,29,192,197,4128,3096,192,256
554,Type_3,22,37,154,157,3264,2448,192,256
555,Type_3,0,0,192,252,3264,2448,192,256
565,Type_3,0,48,183,168,3264,2448,192,256
567,Type_3,110,0,62,255,3264,2448,192,256
571,Type_3,32,57,110,117,3264,2448,192,256
573,Type_3,35,49,88,123,3264,2448,192,256
575,Type_3,22,53,146,149,4128,3096,192,256
58,Type_3,0,12,189,233,3264,2448,192,256
585,Type_3,13,43,155,158,4128,3096,192,256
587,Type_3,39,60,134,116,3264,2448,192,256
59,Type_3,36,71,108,117,3264,2448,192,256
590,Type_3,38,75,118,115,3264,2448,192,256
594,Type_3,41,79,72,95,4128,2322,144,256
598,Type_3,0,0,192,255,4128,3096,192,256
599,Type_3,1,40,170,173,3264,2448,192,256
600,Type_3,58,54,77,62,3264,2448,192,256
604,Type_3,59,90,72,76,3264,2448,192,256
606,Type_3,14,55,159,154,4160,3120,192,256
61,Type_3,0,47,157,135,3264,2448,192,256
617,Type_3,0,36,182,181,3264,2448,192,256
62,Type_3,41,80,89,80,3264,2448,192,256
625,Type_3,56,43,65,118,3264,2448,192,256
626,Type_3,20,52,149,143,4128,3096,192,256
627,Type_3,0,0,192,59,3264,2448,192,256
628,Type_3,0,0,192,255,4128,3096,192,256
629,Type_3,0,51,140,163,3264,2448,192,256
63,Type_3,5,37,178,177,3264,2448,192,256
630,Type_3,0,0,192,255,4128,3096,192,256
631,Type_3,0,0,192,170,4128,3096,192,256
635,Type_3,0,133,46,106,3264,2448,192,256
636,Type_3,44,102,62,48,3264,2448,192,256
637,Type_3,20,51,152,149,3264,2448,192,256
638,Type_3,0,35,158,182,4128,3096,192,256
646,Type_3,0,34,169,188,3264,2448,192,256
650,Type_3,0,16,157,168,4128,3096,192,256
654,Type_3,2,45,145,133,4128,3096,192,256
661,Type_3,16,39,135,159,3264,2448,192,256
664,Type_3,0,0,192,222,4128,3096,192,256
669,Type_3,27,40,131,140,3264,2448,192,256
670,Type_3,49,77,95,97,4128,3096,192,256
672,Type_3,34,69,115,113,3264,2448,192,256
675,Type_3,0,47,175,177,3264,2448,192,256
679,Type_3,138,68,37,134,3264,2448,192,256
682,Type_3,27,79,118,109,3264,2448,192,256
689,Type_3,37,76,108,107,3264,2448,192,256
69,Type_3,24,42,139,168,4128,3096,192,256
690,Type_3,34,22,177,169,2448,3264,256,192
692,Type_3,0,19,192,236,3264,2448,192,256
694,Type_3,0,75,174,174,4128,3096,192,256
695,Type_3,75,27,104,110,2448,3264,256,192
697,Type_3,108,49,47,79,3264,2448,192,256
70,Type_3,50,74,99,100,4128,3096,192,256
706,Type_3,19,52,153,149,3264,2448,192,256
71,Type_3,0,40,192,156,4128,3096,192,256
711,Type_3,0,47,168,151,4128,3096,192,256
715,Type_3,37,62,100,86,4128,3096,192,256
721,Type_3,1,44,176,168,3264,2448,192,256
728,Type_3,0,0,192,241,640,480,192,256
73,Type_3,27,55,165,147,3264,2448,192,256
731,Type_3,0,207,192,48,3264,2448,192,256
733,Type_3,55,55,96,107,4128,3096,192,256
734,Type_3,19,53,173,142,4128,3096,192,256
735,Type_3,0,0,192,255,3264,2448,192,256
736,Type_3,0,0,192,255,3264,2448,192,256
737,Type_3,21,49,133,157,3264,2448,192,256
740,Type_3,5,37,167,182,3264,2448,192,256
742,Type_3,36,64,99,110,3264,2448,192,256
746,Type_3,16,48,161,160,4128,3096,192,256
747,Type_3,0,0,192,255,4128,3096,192,256
750,Type_3,46,29,111,127,4128,3096,192,256
752,Type_3,26,53,133,129,4128,3096,192,256
755,Type_3,0,0,192,209,4128,3096,192,256
757,Type_3,40,68,90,101,3264,2448,192,256
758,Type_3,71,2,142,172,2448,3264,256,192
766,Type_3,20,40,145,157,4128,3096,192,256
767,Type_3,0,228,62,27,3264,2448,192,256
770,Type_3,43,84,92,87,3264,2448,192,256
773,Type_3,17,44,126,180,3264,2448,192,256
774,Type_3,23,53,146,149,4128,3096,192,256
776,Type_3,34,37,112,127,3264,2448,192,256
778,Type_3,37,24,184,167,2448,3264,256,192
780,Type_3,0,31,169,183,3264,2448,192,256
782,Type_3,28,55,139,142,3264,2448,192,256
784,Type_3,0,40,116,125,3264,2448,192,256
788,Type_3,14,59,160,140,3264,2448,192,256
796,Type_3,38,75,108,81,3264,2448,192,256
799,Type_3,3,31,175,183,3264,2448,192,256
800,Type_3,0,22,134,233,4128,3096,192,256
801,Type_3,15,46,165,167,3264,2448,192,256
803,Type_3,29,33,131,111,3264,2448,192,256
806,Type_3,0,36,176,184,3264,2448,192,256
808,Type_3,18,61,156,129,3264,2448,192,256
811,Type_3,31,58,133,123,3264,2448,192,256
812,Type_3,0,0,192,111,3264,2448,192,256
818,Type_3,23,56,144,147,3264,2448,192,256
82,Type_3,31,58,136,138,4128,3096,192,256
820,Type_3,37,75,54,22,3264,2448,192,256
822,Type_3,26,56,136,130,3264,2448,192,256
823,Type_3,0,0,118,191,3096,4128,256,192
825,Type_3,0,0,192,255,4128,3096,192,256
828,Type_3,69,64,68,87,3264,2448,192,256
83,Type_3,54,85,84,86,3264,2448,192,256
835,Type_3,41,84,78,75,3264,2448,192,256
837,Type_3,56,140,120,69,3264,2448,192,256
839,Type_3,18,40,141,151,4128,3096,192,256
840,Type_3,37,51,95,90,3264,2448,192,256
845,Type_3,0,41,192,147,4128,3096,192,256
848,Type_3,36,65,110,114,3264,2448,192,256
853,Type_3,0,27,192,185,3264,2448,192,256
864,Type_3,25,54,146,147,3264,2448,192,256
866,Type_3,18,49,157,156,3264,2448,192,256
869,Type_3,37,151,121,63,3264,2448,192,256
87,Type_3,0,143,192,112,3264,2448,192,256
870,Type_3,0,49,159,150,3264,2448,192,256
872,Type_3,45,82,87,91,3264,2448,192,256
875,Type_3,112,0,80,40,3264,2448,192,256
876,Type_3,31,48,138,143,4128,3096,192,256
877,Type_3,0,0,192,255,3264,2448,192,256
878,Type_3,37,56,108,138,3264,2448,192,256
881,Type_3,33,64,110,111,3264,2448,192,256
885,Type_3,38,82,119,107,4128,3096,192,256
892,Type_3,34,75,109,107,3264,2448,192,256
893,Type_3,0,0,179,197,3264,2448,192,256
897,Type_3,38,84,98,93,3264,2448,192,256
898,Type_3,27,54,143,148,3264,2448,192,256
899,Type_3,0,36,168,179,3264,2448,192,256
900,Type_3,0,41,181,141,4128,3096,192,256
902,Type_3,16,55,158,144,3264,2448,192,256
907,Type_3,46,87,104,77,3264,2448,192,256
909,Type_3,31,65,109,111,3264,2448,192,256
910,Type_3,41,71,112,113,3264,2448,192,256
914,Type_3,17,56,153,144,3264,2448,192,256
916,Type_3,0,0,192,81,4128,3096,192,256
923,Type_3,5,41,176,175,3264,2448,192,256
924,Type_3,40,24,182,167,2448,3264,256,192
927,Type_3,48,57,109,178,3264,2448,192,256
931,Type_3,33,66,123,122,4160,3120,192,256
941,Type_3,32,94,93,76,3264,2448,192,256
943,Type_3,8,43,179,178,3264,2448,192,256
944,Type_3,6,35,173,174,3264,2448,192,256
945,Type_3,33,75,114,120,3264,2448,192,256
947,Type_3,0,0,192,255,4128,3096,192,256
949,Type_3,0,45,178,178,3264,2448,192,256
950,Type_3,39,59,116,112,3264,2448,192,256
951,Type_3,23,51,152,152,3264,2448,192,256
952,Type_3,0,0,192,255,3264,2448,192,256
953,Type_3,46,75,101,106,3264,2448,192,256
954,Type_3,27,70,123,122,3264,2448,192,256
962,Type_3,0,37,170,179,3264,2448,192,256
968,Type_3,0,19,180,201,4128,3096,192,256
975,Type_3,0,56,152,111,4128,3096,192,256
98,Type_3,16,29,107,139,4128,2322,144,256
980,Type_3,24,62,125,122,3264,2448,192,256
983,Type_3,19,50,159,169,3264,2448,192,256
986,Type_3,17,44,134,125,3264,2448,192,256
993,Type_3,0,0,192,255,3264,2448,192,256
995,Type_3,36,73,102,100,3264,2448,192,256
996,Type_3,58,85,82,85,3264,2448,192,256
